Allan Hancock,html,http://www.cccbca.com/sports/bsb/2011-12/teams/americanriver?sort=ab&pos=h&tmpl=teaminfo-network-monospace-template
Antelope Valley,html,http://www.cccbca.com/sports/bsb/2011-12/teams/bakersfield?sort=ab&pos=h&tmpl=teaminfo-network-monospace-template
Barstow,html,http://www.cccbca.com/sports/bsb/2011-12/teams/butte?sort=ab&pos=h&tmpl=teaminfo-network-monospace-template
Cabrillo,html,http://www.cccbca.com/sports/bsb/2011-12/teams/canada?sort=ab&pos=h&tmpl=teaminfo-network-monospace-template
Canyons,html,http://www.cccbca.com/sports/bsb/2011-12/teams/cerritos?sort=ab&pos=h&tmpl=teaminfo-network-monospace-template
Cerro Coso,html,http://www.cccbca.com/sports/bsb/2011-12/teams/chabot?sort=ab&pos=h&tmpl=teaminfo-network-monospace-template
Chaffey,html,http://www.cccbca.com/sports/bsb/2011-12/teams/citrus?sort=ab&pos=h&tmpl=teaminfo-network-monospace-template
Compton,html,http://www.cccbca.com/sports/bsb/2011-12/teams/contracosta?sort=ab&pos=h&tmpl=teaminfo-network-monospace-template
Cosumnes River,html,http://www.cccbca.com/sports/bsb/2011-12/teams/cuesta?sort=ab&pos=h&tmpl=teaminfo-network-monospace-template
Cypress,html,http://www.cccbca.com/sports/bsb/2011-12/teams/deanza?sort=ab&pos=h&tmpl=teaminfo-network-monospace-template
Desert,html,http://www.cccbca.com/sports/bsb/2011-12/teams/diablovalley?sort=ab&pos=h&tmpl=teaminfo-network-monospace-template
East Los Angeles,html,http://www.cccbca.com/sports/bsb/2011-12/teams/elcamino?sort=ab&pos=h&tmpl=teaminfo-network-monospace-template
Feather River,html,http://www.cccbca.com/sports/bsb/2011-12/teams/fresno?sort=ab&pos=h&tmpl=teaminfo-network-monospace-template
Fullerton,html,http://www.cccbca.com/sports/bsb/2011-12/teams/gavilan?sort=ab&pos=h&tmpl=teaminfo-network-monospace-template
Glendale,html,http://www.cccbca.com/sports/bsb/2011-12/teams/goldenwest?sort=ab&pos=h&tmpl=teaminfo-network-monospace-template
Grossmont,html,http://www.cccbca.com/sports/bsb/2011-12/teams/hartnell?sort=ab&pos=h&tmpl=teaminfo-network-monospace-template
Imperial Valley,html,http://www.cccbca.com/sports/bsb/2011-12/teams/irvinevalley?sort=ab&pos=h&tmpl=teaminfo-network-monospace-template
LA Harbor,html,http://www.cccbca.com/sports/bsb/2011-12/teams/lamission?sort=ab&pos=h&tmpl=teaminfo-network-monospace-template
LA Pierce,html,http://www.cccbca.com/sports/bsb/2011-12/teams/lavalley?sort=ab&pos=h&tmpl=teaminfo-network-monospace-template
Laney,html,http://www.cccbca.com/sports/bsb/2011-12/teams/lassen?sort=ab&pos=h&tmpl=teaminfo-network-monospace-template
Long Beach,html,http://www.cccbca.com/sports/bsb/2011-12/teams/losmedanos?sort=ab&pos=h&tmpl=teaminfo-network-monospace-template
Marin,html,http://www.cccbca.com/sports/bsb/2011-12/teams/mendocino?sort=ab&pos=h&tmpl=teaminfo-network-monospace-template
Merced,html,http://www.cccbca.com/sports/bsb/2011-12/teams/mission?sort=ab&pos=h&tmpl=teaminfo-network-monospace-template
Modesto,html,http://www.cccbca.com/sports/bsb/2011-12/teams/monterey?sort=ab&pos=h&tmpl=teaminfo-network-monospace-template
Moorpark,html,http://www.cccbca.com/sports/bsb/2011-12/teams/mtsanantonio?sort=ab&pos=h&tmpl=teaminfo-network-monospace-template
Mt. San Jacinto,html,http://www.cccbca.com/sports/bsb/2011-12/teams/napa?sort=ab&pos=h&tmpl=teaminfo-network-monospace-template
Ohlone,html,http://www.cccbca.com/sports/bsb/2011-12/teams/orangecoast?sort=ab&pos=h&tmpl=teaminfo-network-monospace-template
Oxnard,html,http://www.cccbca.com/sports/bsb/2011-12/teams/palomarcollege?sort=ab&pos=h&tmpl=teaminfo-network-monospace-template
Pasadena,html,http://www.cccbca.com/sports/bsb/2011-12/teams/porterville?sort=ab&pos=h&tmpl=teaminfo-network-monospace-template
Reedley,html,http://www.cccbca.com/sports/bsb/2011-12/teams/riohondo?sort=ab&pos=h&tmpl=teaminfo-network-monospace-template
Riverside,html,http://www.cccbca.com/sports/bsb/2011-12/teams/sacramento?sort=ab&pos=h&tmpl=teaminfo-network-monospace-template
Saddleback,html,http://www.cccbca.com/sports/bsb/2011-12/teams/sanbernardino?sort=ab&pos=h&tmpl=teaminfo-network-monospace-template
San Diego,html,http://www.cccbca.com/sports/bsb/2011-12/teams/sandiegomesa?sort=ab&pos=h&tmpl=teaminfo-network-monospace-template
San Francisco,html,http://www.cccbca.com/sports/bsb/2011-12/teams/sanjoaquindelta?sort=ab&pos=h&tmpl=teaminfo-network-monospace-template
San Mateo,html,http://www.cccbca.com/sports/bsb/2011-12/teams/santaana?sort=ab&pos=h&tmpl=teaminfo-network-monospace-template
Santa Barbara,html,http://www.cccbca.com/sports/bsb/2011-12/teams/santarosa?sort=ab&pos=h&tmpl=teaminfo-network-monospace-template
Sequoias,html,http://www.cccbca.com/sports/bsb/2011-12/teams/shasta?sort=ab&pos=h&tmpl=teaminfo-network-monospace-template
Sierra,html,http://www.cccbca.com/sports/bsb/2011-12/teams/siskiyous?sort=ab&pos=h&tmpl=teaminfo-network-monospace-template
Skyline,html,http://www.cccbca.com/sports/bsb/2011-12/teams/solano?sort=ab&pos=h&tmpl=teaminfo-network-monospace-template
Southwestern,html,http://www.cccbca.com/sports/bsb/2011-12/teams/taft?sort=ab&pos=h&tmpl=teaminfo-network-monospace-template
Ventura,html,http://www.cccbca.com/sports/bsb/2011-12/teams/victorvalley?sort=ab&pos=h&tmpl=teaminfo-network-monospace-template
West Hills,html,http://www.cccbca.com/sports/bsb/2011-12/teams/westla?sort=ab&pos=h&tmpl=teaminfo-network-monospace-template
West Valley,html,http://www.cccbca.com/sports/bsb/2011-12/teams/yuba?sort=ab&pos=h&tmpl=teaminfo-network-monospace-template
